year,data_status_code,property_type_sort,property_type_code,property_type,market_segment_sort,market_segment_code,market_segment,district_sort,district_code,district,num_units,price_per_m2,median_price,total_price,num_units_clean
2009,D,1,22,Kauf,1,J,Ja,0,0,Zurich (Total),591,7738.0,790000.0,569969093.0,591.0
2009,D,1,22,Kauf,1,J,Ja,10,1,Kreis 1,16,13070.0,899000.0,15250500.0,16.0
2009,D,1,22,Kauf,1,J,Ja,11,11,Rathaus,9,13603.0,990000.0,10513000.0,9.0
2009,D,1,22,Kauf,1,J,Ja,13,13,Lindenhof,4–6,11213.0,520000.0,3255000.0,4.0
2009,D,1,22,Kauf,1,J,Ja,20,2,Kreis 2,62,10938.0,1187500.0,84527339.0,62.0
2009,D,1,22,Kauf,1,J,Ja,21,21,Wollishofen,48,11441.0,1230000.0,67430197.0,48.0
2009,D,1,22,Kauf,1,J,Ja,24,24,Enge,11–13,9917.0,1190000.0,14728142.0,11.0
2009,D,1,22,Kauf,1,J,Ja,30,3,Kreis 3,27,7798.0,527000.0,18498107.0,27.0
2009,D,1,22,Kauf,1,J,Ja,31,31,Alt-Wiedikon,8,5985.0,488500.0,5454607.0,8.0
2009,D,1,22,Kauf,1,J,Ja,33,33,Friesenberg,8,8362.0,400000.0,3520000.0,8.0
2009,D,1,22,Kauf,1,J,Ja,34,34,Sihlfeld,11,8209.0,850000.0,9523500.0,11.0
2009,D,1,22,Kauf,1,J,Ja,40,4,Kreis 4,17,5526.0,400000.0,6671000.0,17.0
2009,D,1,22,Kauf,1,J,Ja,42,42,Langstrasse,7,6867.0,430000.0,3481000.0,7.0
2009,D,1,22,Kauf,1,J,Ja,44,44,Hard,10,5423.0,340000.0,3190000.0,10.0
2009,D,1,22,Kauf,1,J,Ja,50,5,Kreis 5,16,11405.0,1158913.0,16510166.0,16.0
2009,D,1,22,Kauf,1,J,Ja,51,51,Gewerbeschule,4,8931.0,517500.0,2845000.0,4.0
2009,D,1,22,Kauf,1,J,Ja,52,52,Escher Wyss,12,12477.0,1210000.0,13665166.0,12.0
2009,D,1,22,Kauf,1,J,Ja,60,6,Kreis 6,42,10340.0,1185000.0,50360969.0,42.0
2009,D,1,22,Kauf,1,J,Ja,61,61,Unterstrass,11,9643.0,725000.0,9413449.0,11.0
2009,D,1,22,Kauf,1,J,Ja,63,63,Oberstrass,31,11000.0,1280000.0,40947520.0,31.0
2009,D,1,22,Kauf,1,J,Ja,70,7,Kreis 7,106,11854.0,1240000.0,151266345.0,106.0
2009,D,1,22,Kauf,1,J,Ja,71,71,Fluntern,31,13415.0,1650000.0,56523000.0,31.0
2009,D,1,22,Kauf,1,J,Ja,72,72,Hottingen,31,13438.0,1400000.0,50481345.0,31.0
2009,D,1,22,Kauf,1,J,Ja,73,73,Hirslanden,9,11429.0,1200000.0,11035000.0,9.0
2009,D,1,22,Kauf,1,J,Ja,74,74,Witikon,35,7716.0,831000.0,33227000.0,35.0
2009,D,1,22,Kauf,1,J,Ja,80,8,Kreis 8,22,11289.0,1080000.0,24228000.0,22.0
2009,D,1,22,Kauf,1,J,Ja,81,81,Seefeld,9,10638.0,1050000.0,8210000.0,9.0
2009,D,1,22,Kauf,1,J,Ja,82,82,Mühlebach,8,11914.0,937500.0,9608000.0,8.0
2009,D,1,22,Kauf,1,J,Ja,83,83,Weinegg,5,11917.0,1200000.0,6410000.0,5.0
2009,D,1,22,Kauf,1,J,Ja,90,9,Kreis 9,28,7106.0,548000.0,15626250.0,28.0
2009,D,1,22,Kauf,1,J,Ja,91,91,Albisrieden,23,7836.0,605000.0,13318890.0,23.0
2009,D,1,22,Kauf,1,J,Ja,92,92,Altstetten,5,6027.0,440000.0,2307360.0,5.0
2009,D,1,22,Kauf,1,J,Ja,100,10,Kreis 10,85,7692.0,815000.0,73783700.0,85.0
2009,D,1,22,Kauf,1,J,Ja,101,101,Höngg,70,7662.0,850000.0,61258700.0,70.0
2009,D,1,22,Kauf,1,J,Ja,102,102,Wipkingen,15-21,7857.0,795000.0,12525000.0,15.0
2009,D,1,22,Kauf,1,J,Ja,110,11,Kreis 11,161,5736.0,675000.0,109261769.0,161.0
2009,D,1,22,Kauf,1,J,Ja,111,111,Affoltern,71,5736.0,745000.0,56894000.0,71.0
2009,D,1,22,Kauf,1,J,Ja,115,115,Oerlikon,26,6563.0,511000.0,13814000.0,26.0
2009,D,1,22,Kauf,1,J,Ja,119,119,Seebach,64,5483.0,585000.0,38553769.0,64.0
2009,D,1,22,Kauf,1,J,Ja,120,12,Kreis 12,9,4976.0,423000.0,3984949.0,9.0
2009,D,1,22,Kauf,1,J,Ja,123,123,Hirzenbach,4,5631.0,602500.0,2230000.0,4.0
2010,D,1,22,Kauf,1,J,Ja,0,0,Zurich (Total),742,7988.0,856500.0,728399360.0,742.0
2010,D,1,22,Kauf,1,J,Ja,10,1,Kreis 1,3-9,10625.0,485000.0,1505000.0,3.0
2010,D,1,22,Kauf,1,J,Ja,20,2,Kreis 2,35,9310.0,850000.0,33828822.0,35.0
2010,D,1,22,Kauf,1,J,Ja,21,21,Wollishofen,24,8359.0,841769.0,21091822.0,24.0
2010,D,1,22,Kauf,1,J,Ja,24,24,Enge,8–10,10682.0,1375000.0,12107000.0,8.0
2010,D,1,22,Kauf,1,J,Ja,30,3,Kreis 3,104,7911.0,967500.0,97659273.0,104.0
2010,D,1,22,Kauf,1,J,Ja,31,31,Alt-Wiedikon,91,7823.0,970000.0,87342094.0,91.0
2010,D,1,22,Kauf,1,J,Ja,34,34,Sihlfeld,10–12,9744.0,597500.0,9502179.0,10.0
2010,D,1,22,Kauf,1,J,Ja,40,4,Kreis 4,21,7292.0,650000.0,13046756.0,21.0
2010,D,1,22,Kauf,1,J,Ja,42,42,Langstrasse,15-19,8317.0,769000.0,11114256.0,15.0
2010,D,1,22,Kauf,1,J,Ja,44,44,Hard,3–5,5600.0,247500.0,1467500.0,3.0
2010,D,1,22,Kauf,1,J,Ja,50,5,Kreis 5,61,8495.0,890000.0,59117900.0,61.0
2010,D,1,22,Kauf,1,J,Ja,51,51,Gewerbeschule,14,6267.0,634776.0,9829400.0,14.0
2010,D,1,22,Kauf,1,J,Ja,52,52,Escher Wyss,47,8598.0,945000.0,49288500.0,47.0
2010,D,1,22,Kauf,1,J,Ja,60,6,Kreis 6,102,8168.0,982500.0,107313680.0,102.0
2010,D,1,22,Kauf,1,J,Ja,61,61,Unterstrass,88,8112.0,940000.0,83569603.0,88.0
2010,D,1,22,Kauf,1,J,Ja,63,63,Oberstrass,14,12639.0,1478500.0,23744077.0,14.0
2010,D,1,22,Kauf,1,J,Ja,70,7,Kreis 7,80,11475.0,1294594.0,131334962.0,80.0
2010,D,1,22,Kauf,1,J,Ja,71,71,Fluntern,20,11168.0,1241462.0,31320925.0,20.0
2010,D,1,22,Kauf,1,J,Ja,72,72,Hottingen,26-30,13216.0,2147500.0,54935537.0,26.0
2010,D,1,22,Kauf,1,J,Ja,73,73,Hirslanden,12,13333.0,2120311.0,22533500.0,12.0
2010,D,1,22,Kauf,1,J,Ja,74,74,Witikon,22,8016.0,845000.0,22545000.0,22.0
2010,D,1,22,Kauf,1,J,Ja,80,8,Kreis 8,21-30,11008.0,1367500.0,39771000.0,21.0
2010,D,1,22,Kauf,1,J,Ja,81,81,Seefeld,8-12,10923.0,1513000.0,18124000.0,8.0
2010,D,1,22,Kauf,1,J,Ja,82,82,Mühlebach,17,10917.0,655000.0,20397000.0,17.0
2010,D,1,22,Kauf,1,J,Ja,90,9,Kreis 9,25,7429.0,675000.0,18019250.0,25.0
2010,D,1,22,Kauf,1,J,Ja,91,91,Albisrieden,19,7429.0,675000.0,13950000.0,19.0
2010,D,1,22,Kauf,1,J,Ja,92,92,Altstetten,6,7596.0,643875.0,4069250.0,6.0
2010,D,1,22,Kauf,1,J,Ja,100,10,Kreis 10,92,8747.0,1194188.0,108718630.0,92.0
2010,D,1,22,Kauf,1,J,Ja,101,101,Höngg,42,8094.0,1030000.0,44814254.0,42.0
2010,D,1,22,Kauf,1,J,Ja,102,102,Wipkingen,50,9279.0,1305000.0,63904376.0,50.0
2010,D,1,22,Kauf,1,J,Ja,110,11,Kreis 11,180,5498.0,601000.0,112934087.0,180.0
2010,D,1,22,Kauf,1,J,Ja,111,111,Affoltern,71,5123.0,565000.0,42182000.0,71.0
2010,D,1,22,Kauf,1,J,Ja,115,115,Oerlikon,32,6923.0,660000.0,20647217.0,32.0
2010,D,1,22,Kauf,1,J,Ja,119,119,Seebach,77-81,5605.0,612500.0,50104870.0,77.0
2010,D,1,22,Kauf,1,J,Ja,120,12,Kreis 12,9,6231.0,685000.0,5150000.0,9.0
2010,D,1,22,Kauf,1,J,Ja,123,123,Hirzenbach,6–8,6295.0,695000.0,4455000.0,6.0
2011,D,1,22,Kauf,1,J,Ja,0,0,Zurich (Total),567,8900.0,835000.0,578979991.0,567.0
2011,D,1,22,Kauf,1,J,Ja,10,1,Kreis 1,8,11347.0,925000.0,8875300.0,8.0
2011,D,1,22,Kauf,1,J,Ja,11,11,Rathaus,5–7,9997.0,515000.0,4325300.0,5.0
2011,D,1,22,Kauf,1,J,Ja,20,2,Kreis 2,30,8416.0,820000.0,30370000.0,30.0
2011,D,1,22,Kauf,1,J,Ja,21,21,Wollishofen,19,8265.0,820000.0,17850000.0,19.0
2011,D,1,22,Kauf,1,J,Ja,23,23,Leimbach,3-9,6842.0,740000.0,2350000.0,3.0
2011,D,1,22,Kauf,1,J,Ja,24,24,Enge,8–10,10163.0,1217500.0,10170000.0,8.0
2011,D,1,22,Kauf,1,J,Ja,30,3,Kreis 3,46,7935.0,490156.0,32183497.0,46.0
2011,D,1,22,Kauf,1,J,Ja,31,31,Alt-Wiedikon,27,5714.0,400000.0,19136941.0,27.0
2011,D,1,22,Kauf,1,J,Ja,33,33,Friesenberg,14,9409.0,517500.0,7196000.0,14.0
2011,D,1,22,Kauf,1,J,Ja,34,34,Sihlfeld,5,11607.0,1000000.0,5850556.0,5.0
2011,D,1,22,Kauf,1,J,Ja,40,4,Kreis 4,14-20,9521.0,687500.0,11919000.0,14.0
2011,D,1,22,Kauf,1,J,Ja,42,42,Langstrasse,11,9933.0,785000.0,8540000.0,11.0
2011,D,1,22,Kauf,1,J,Ja,44,44,Hard,9,8400.0,329670.0,3379000.0,9.0
2011,D,1,22,Kauf,1,J,Ja,50,5,Kreis 5,36,8825.0,1000000.0,40828584.0,36.0
2011,D,1,22,Kauf,1,J,Ja,51,51,Gewerbeschule,25,8459.0,868858.0,22553584.0,25.0
2011,D,1,22,Kauf,1,J,Ja,52,52,Escher Wyss,11,11832.0,1430000.0,18275000.0,11.0
2011,D,1,22,Kauf,1,J,Ja,60,6,Kreis 6,59-63,12231.0,1530000.0,89427423.0,59.0
2011,D,1,22,Kauf,1,J,Ja,61,61,Unterstrass,35,12154.0,1431504.0,48724504.0,35.0
2011,D,1,22,Kauf,1,J,Ja,63,63,Oberstrass,24-28,12521.0,1810000.0,40702919.0,24.0
2011,D,1,22,Kauf,1,J,Ja,70,7,Kreis 7,75,12500.0,1400000.0,117693295.0,75.0
2011,D,1,22,Kauf,1,J,Ja,71,71,Fluntern,25,14000.0,1600000.0,51376500.0,25.0
2011,D,1,22,Kauf,1,J,Ja,72,72,Hottingen,15,14100.0,1650000.0,22860500.0,15.0
2011,D,1,22,Kauf,1,J,Ja,73,73,Hirslanden,17,11400.0,1150000.0,22237500.0,17.0
2011,D,1,22,Kauf,1,J,Ja,74,74,Witikon,18,9161.0,1080000.0,21218795.0,18.0
2011,D,1,22,Kauf,1,J,Ja,80,8,Kreis 8,20,11969.0,995000.0,22959000.0,20.0
2011,D,1,22,Kauf,1,J,Ja,82,82,Mühlebach,11,10000.0,875000.0,8506000.0,11.0
2011,D,1,22,Kauf,1,J,Ja,83,83,Weinegg,6–8,14000.0,1750000.0,12353000.0,6.0
2011,D,1,22,Kauf,1,J,Ja,90,9,Kreis 9,50,6749.0,585100.0,35355985.0,50.0
2011,D,1,22,Kauf,1,J,Ja,91,91,Albisrieden,17,9356.0,670000.0,12580695.0,17.0
2011,D,1,22,Kauf,1,J,Ja,92,92,Altstetten,33,5867.0,566000.0,22775290.0,33.0
2011,D,1,22,Kauf,1,J,Ja,100,10,Kreis 10,90,9697.0,1061500.0,106590750.0,90.0
2011,D,1,22,Kauf,1,J,Ja,101,101,Höngg,66,9710.0,1108000.0,76686550.0,66.0
2011,D,1,22,Kauf,1,J,Ja,102,102,Wipkingen,24,9568.0,782500.0,29904200.0,24.0
2011,D,1,22,Kauf,1,J,Ja,110,11,Kreis 11,124,6140.0,561500.0,77092194.0,124.0
2011,D,1,22,Kauf,1,J,Ja,111,111,Affoltern,62-66,4910.0,520500.0,37374006.0,62.0
2011,D,1,22,Kauf,1,J,Ja,115,115,Oerlikon,37,8000.0,760000.0,29269188.0,37.0
2011,D,1,22,Kauf,1,J,Ja,119,119,Seebach,25,5385.0,410000.0,10449000.0,25.0
2011,D,1,22,Kauf,1,J,Ja,120,12,Kreis 12,9,5862.0,635000.0,5684963.0,9.0
2011,D,1,22,Kauf,1,J,Ja,122,122,Schwamendingen-Mitte,5,4737.0,360000.0,2324963.0,5.0
2012,D,1,22,Kauf,1,J,Ja,0,0,Zurich (Total),494,9875.0,960000.0,642114201.0,494.0
2012,D,1,22,Kauf,1,J,Ja,20,2,Kreis 2,31,11134.0,1250000.0,40896000.0,31.0
2012,D,1,22,Kauf,1,J,Ja,21,21,Wollishofen,21,11284.0,1410000.0,29696000.0,21.0
2012,D,1,22,Kauf,1,J,Ja,24,24,Enge,7–9,14167.0,940000.0,8920000.0,7.0
2012,D,1,22,Kauf,1,J,Ja,30,3,Kreis 3,22,7620.0,637745.0,19218623.0,22.0
2012,D,1,22,Kauf,1,J,Ja,31,31,Alt-Wiedikon,12,7144.0,400120.0,6903623.0,12.0
2012,D,1,22,Kauf,1,J,Ja,34,34,Sihlfeld,10,9179.0,950000.0,12315000.0,10.0
2012,D,1,22,Kauf,1,J,Ja,40,4,Kreis 4,7–9,9412.0,701721.0,8838721.0,7.0
2012,D,1,22,Kauf,1,J,Ja,42,42,Langstrasse,5,9412.0,800000.0,6543721.0,5.0
2012,D,1,22,Kauf,1,J,Ja,50,5,Kreis 5,37,14858.0,2135000.0,99719952.0,37.0
2012,D,1,22,Kauf,1,J,Ja,52,52,Escher Wyss,34–36,14858.0,2225000.0,97513700.0,34.0
2012,D,1,22,Kauf,1,J,Ja,60,6,Kreis 6,25,14426.0,1520000.0,40899000.0,25.0
2012,D,1,22,Kauf,1,J,Ja,61,61,Unterstrass,6-10,13393.0,1156500.0,11724000.0,6.0
2012,D,1,22,Kauf,1,J,Ja,63,63,Oberstrass,15,17500.0,1755000.0,29175000.0,15.0
2012,D,1,22,Kauf,1,J,Ja,70,7,Kreis 7,97,12238.0,1365000.0,170929524.0,97.0
2012,D,1,22,Kauf,1,J,Ja,71,71,Fluntern,35,15748.0,2120000.0,99266881.0,35.0
2012,D,1,22,Kauf,1,J,Ja,72,72,Hottingen,15,12500.0,2000000.0,26367000.0,15.0
2012,D,1,22,Kauf,1,J,Ja,73,73,Hirslanden,13,14554.0,1249573.0,19110000.0,13.0
2012,D,1,22,Kauf,1,J,Ja,74,74,Witikon,34,7409.0,636000.0,26185643.0,34.0
2012,D,1,22,Kauf,1,J,Ja,80,8,Kreis 8,39,14400.0,1735000.0,71565242.0,39.0
2012,D,1,22,Kauf,1,J,Ja,81,81,Seefeld,7,16912.0,1025664.0,8680000.0,7.0
2012,D,1,22,Kauf,1,J,Ja,82,82,Mühlebach,24,14513.0,1982500.0,52495000.0,24.0
2012,D,1,22,Kauf,1,J,Ja,83,83,Weinegg,8,10257.0,1350000.0,10390242.0,8.0
2012,D,1,22,Kauf,1,J,Ja,90,9,Kreis 9,47,7586.0,830000.0,42269659.0,47.0
2012,D,1,22,Kauf,1,J,Ja,91,91,Albisrieden,32,8443.0,895000.0,31759759.0,32.0
2012,D,1,22,Kauf,1,J,Ja,92,92,Altstetten,15,6414.0,809545.0,10509900.0,15.0
2012,D,1,22,Kauf,1,J,Ja,100,10,Kreis 10,60,9149.0,795500.0,56388811.0,60.0
2012,D,1,22,Kauf,1,J,Ja,101,101,Höngg,27-31,9938.0,750000.0,29246085.0,27.0
2012,D,1,22,Kauf,1,J,Ja,102,102,Wipkingen,29,8254.0,804000.0,27142725.0,29.0
2012,D,1,22,Kauf,1,J,Ja,110,11,Kreis 11,97,7812.0,650000.0,64299497.0,97.0
2012,D,1,22,Kauf,1,J,Ja,111,111,Affoltern,16,6041.0,504000.0,9050000.0,16.0
2012,D,1,22,Kauf,1,J,Ja,115,115,Oerlikon,31,9091.0,800000.0,23706667.0,31.0
2012,D,1,22,Kauf,1,J,Ja,119,119,Seebach,50,6400.0,625958.0,31542830.0,50.0
2012,D,1,22,Kauf,1,J,Ja,120,12,Kreis 12,29,7362.0,932000.0,26506600.0,29.0
2012,D,1,22,Kauf,1,J,Ja,121,121,Saatlen,3-9,5780.0,815000.0,2245000.0,3.0
2012,D,1,22,Kauf,1,J,Ja,122,122,Schwamendingen-Mitte,24,7554.0,940000.0,22726600.0,24.0
2013,D,1,22,Kauf,1,J,Ja,0,0,Zurich (Total),520,9566.0,1020000.0,623688156.0,520.0
2013,D,1,22,Kauf,1,J,Ja,10,1,Kreis 1,4-12,13904.0,1150000.0,4351000.0,4.0
2013,D,1,22,Kauf,1,J,Ja,11,11,Rathaus,3-9,14474.0,1100000.0,3151000.0,3.0
2013,D,1,22,Kauf,1,J,Ja,20,2,Kreis 2,21,9901.0,1066148.0,22525000.0,21.0
2013,D,1,22,Kauf,1,J,Ja,21,21,Wollishofen,13,10480.0,1200000.0,15505000.0,13.0
2013,D,1,22,Kauf,1,J,Ja,23,23,Leimbach,4,4010.0,405000.0,1660000.0,4.0
2013,D,1,22,Kauf,1,J,Ja,24,24,Enge,4,10977.0,1170574.0,5360000.0,4.0
2013,D,1,22,Kauf,1,J,Ja,30,3,Kreis 3,117,8258.0,910000.0,114306000.0,117.0
2013,D,1,22,Kauf,1,J,Ja,31,31,Alt-Wiedikon,109,8258.0,915000.0,109016000.0,109.0
2013,D,1,22,Kauf,1,J,Ja,34,34,Sihlfeld,5–7,8154.0,530000.0,4720000.0,5.0
2013,D,1,22,Kauf,1,J,Ja,40,4,Kreis 4,32,10354.0,1109500.0,38046000.0,32.0
2013,D,1,22,Kauf,1,J,Ja,42,42,Langstrasse,29–31,10367.0,1110000.0,37396000.0,29.0
2013,D,1,22,Kauf,1,J,Ja,50,5,Kreis 5,48,13067.0,1485000.0,86503000.0,48.0
2013,D,1,22,Kauf,1,J,Ja,52,52,Escher Wyss,45–47,13175.0,1550000.0,84990000.0,45.0
2013,D,1,22,Kauf,1,J,Ja,60,6,Kreis 6,16-26,10307.0,1079500.0,31795500.0,16.0
2013,D,1,22,Kauf,1,J,Ja,61,61,Unterstrass,9,9622.0,850000.0,7605500.0,9.0
2013,D,1,22,Kauf,1,J,Ja,63,63,Oberstrass,17,11881.0,1200000.0,24190000.0,17.0
2013,D,1,22,Kauf,1,J,Ja,70,7,Kreis 7,54-64,13965.0,1615000.0,89945200.0,54.0
2013,D,1,22,Kauf,1,J,Ja,71,71,Fluntern,19-23,15357.0,1930000.0,36842500.0,19.0
2013,D,1,22,Kauf,1,J,Ja,72,72,Hottingen,16,13068.0,1575000.0,25915000.0,16.0
2013,D,1,22,Kauf,1,J,Ja,73,73,Hirslanden,7,21286.0,2172700.0,13887700.0,7.0
2013,D,1,22,Kauf,1,J,Ja,74,74,Witikon,12,9092.0,800000.0,13300000.0,12.0
2013,D,1,22,Kauf,1,J,Ja,80,8,Kreis 8,25-35,14399.0,1695000.0,46417368.0,25.0
2013,D,1,22,Kauf,1,J,Ja,81,81,Seefeld,3-9,20667.0,1550000.0,5900000.0,3.0
2013,D,1,22,Kauf,1,J,Ja,82,82,Mühlebach,15,14063.0,2275000.0,29817368.0,15.0
2013,D,1,22,Kauf,1,J,Ja,83,83,Weinegg,7–9,12222.0,1400000.0,10700000.0,7.0
2013,D,1,22,Kauf,1,J,Ja,90,9,Kreis 9,21,8247.0,790000.0,18865000.0,21.0
2013,D,1,22,Kauf,1,J,Ja,91,91,Albisrieden,12,7191.0,665000.0,8910000.0,12.0
2013,D,1,22,Kauf,1,J,Ja,92,92,Altstetten,9,8522.0,940000.0,9955000.0,9.0
2013,D,1,22,Kauf,1,J,Ja,100,10,Kreis 10,57,11468.0,1289000.0,73242430.0,57.0
2013,D,1,22,Kauf,1,J,Ja,101,101,Höngg,21,10000.0,1000000.0,21484430.0,21.0
2013,D,1,22,Kauf,1,J,Ja,102,102,Wipkingen,36,11797.0,1369000.0,51758000.0,36.0
2013,D,1,22,Kauf,1,J,Ja,110,11,Kreis 11,89,9016.0,750000.0,74145158.0,89.0
2013,D,1,22,Kauf,1,J,Ja,111,111,Affoltern,12,7843.0,560000.0,8964000.0,12.0
2013,D,1,22,Kauf,1,J,Ja,115,115,Oerlikon,48,10457.0,887500.0,43552000.0,48.0
2013,D,1,22,Kauf,1,J,Ja,119,119,Seebach,29,7362.0,750790.0,21629158.0,29.0
2013,D,1,22,Kauf,1,J,Ja,120,12,Kreis 12,26,7361.0,934000.0,23546500.0,26.0
2013,D,1,22,Kauf,1,J,Ja,122,122,Schwamendingen-Mitte,23,7375.0,946000.0,21501500.0,23.0
2014,D,1,22,Kauf,1,J,Ja,0,0,Zurich (Total),678,11013.0,1065000.0,816273440.0,678.0
2014,D,1,22,Kauf,1,J,Ja,10,1,Kreis 1,4,17995.0,1800175.0,6180000.0,4.0
2014,D,1,22,Kauf,1,J,Ja,13,13,Lindenhof,4,17995.0,1800175.0,6180000.0,4.0
2014,D,1,22,Kauf,1,J,Ja,20,2,Kreis 2,18,10846.0,1322500.0,22843560.0,18.0
2014,D,1,22,Kauf,1,J,Ja,21,21,Wollishofen,11,10970.0,1275000.0,13765798.0,11.0
2014,D,1,22,Kauf,1,J,Ja,24,24,Enge,4–6,11402.0,1670000.0,7787762.0,4.0
2014,D,1,22,Kauf,1,J,Ja,30,3,Kreis 3,20,9117.0,833551.0,17006576.0,20.0
2014,D,1,22,Kauf,1,J,Ja,31,31,Alt-Wiedikon,14,9117.0,807117.0,10216974.0,14.0
2014,D,1,22,Kauf,1,J,Ja,34,34,Sihlfeld,3–5,16071.0,900000.0,6169603.0,3.0
2014,D,1,22,Kauf,1,J,Ja,40,4,Kreis 4,29,10000.0,690000.0,23260000.0,29.0
2014,D,1,22,Kauf,1,J,Ja,42,42,Langstrasse,20,10233.0,752500.0,19070000.0,20.0
2014,D,1,22,Kauf,1,J,Ja,44,44,Hard,6–8,6207.0,180000.0,1995000.0,6.0
2014,D,1,22,Kauf,1,J,Ja,50,5,Kreis 5,212,12168.0,1150000.0,266441685.0,212.0
2014,D,1,22,Kauf,1,J,Ja,52,52,Escher Wyss,212,12168.0,1150000.0,266441685.0,212.0
2014,D,1,22,Kauf,1,J,Ja,60,6,Kreis 6,20-25,11056.0,912438.0,29909300.0,20.0
2014,D,1,22,Kauf,1,J,Ja,61,61,Unterstrass,13,10400.0,1110000.0,15438000.0,13.0
2014,D,1,22,Kauf,1,J,Ja,63,63,Oberstrass,12,12664.0,844719.0,14471300.0,12.0
2014,D,1,22,Kauf,1,J,Ja,70,7,Kreis 7,98,13549.0,1710000.0,178511967.0,98.0
2014,D,1,22,Kauf,1,J,Ja,71,71,Fluntern,36,15148.0,2192500.0,84335500.0,36.0
2014,D,1,22,Kauf,1,J,Ja,72,72,Hottingen,19,12182.0,1300000.0,30462793.0,19.0
2014,D,1,22,Kauf,1,J,Ja,73,73,Hirslanden,5,15000.0,1500000.0,8010000.0,5.0
2014,D,1,22,Kauf,1,J,Ja,74,74,Witikon,38,11189.0,1497500.0,55703674.0,38.0
2014,D,1,22,Kauf,1,J,Ja,80,8,Kreis 8,27,13722.0,1600000.0,48030000.0,27.0
2014,D,1,22,Kauf,1,J,Ja,81,81,Seefeld,5,14316.0,1360000.0,7965000.0,5.0
2014,D,1,22,Kauf,1,J,Ja,82,82,Mühlebach,8,13989.0,1267500.0,13025000.0,8.0
2014,D,1,22,Kauf,1,J,Ja,83,83,Weinegg,14,13557.0,1625000.0,27040000.0,14.0
2014,D,1,22,Kauf,1,J,Ja,90,9,Kreis 9,63,10291.0,910000.0,61772467.0,63.0
2014,D,1,22,Kauf,1,J,Ja,91,91,Albisrieden,18,7779.0,722500.0,13649475.0,18.0
2014,D,1,22,Kauf,1,J,Ja,92,92,Altstetten,45,10964.0,935000.0,48122992.0,45.0
2014,D,1,22,Kauf,1,J,Ja,100,10,Kreis 10,53,10526.0,1037000.0,58589961.0,53.0
2014,D,1,22,Kauf,1,J,Ja,101,101,Höngg,40,10609.0,1048500.0,45713411.0,40.0
2014,D,1,22,Kauf,1,J,Ja,102,102,Wipkingen,13-17,10521.0,1021550.0,12876550.0,13.0
2014,D,1,22,Kauf,1,J,Ja,110,11,Kreis 11,88,7610.0,716500.0,62857002.0,88.0
2014,D,1,22,Kauf,1,J,Ja,111,111,Affoltern,21,8350.0,835000.0,19091754.0,21.0
2014,D,1,22,Kauf,1,J,Ja,115,115,Oerlikon,25,8571.0,600000.0,16012000.0,25.0
2014,D,1,22,Kauf,1,J,Ja,119,119,Seebach,42,7150.0,655000.0,27753248.0,42.0
2014,D,1,22,Kauf,1,J,Ja,120,12,Kreis 12,41,9677.0,965000.0,40870922.0,41.0
2014,D,1,22,Kauf,1,J,Ja,121,121,Saatlen,18–20,10350.0,872500.0,17600000.0,18.0
2014,D,1,22,Kauf,1,J,Ja,122,122,Schwamendingen-Mitte,20,9287.0,1111000.0,22520922.0,20.0
2015,D,1,22,Kauf,1,J,Ja,0,0,Zurich (Total),850,11015.0,1160000.0,1100525659.0,850.0
2015,D,1,22,Kauf,1,J,Ja,10,1,Kreis 1,4,13523.0,1275000.0,4830000.0,4.0
2015,D,1,22,Kauf,1,J,Ja,20,2,Kreis 2,63,12644.0,1140000.0,82819406.0,63.0
2015,D,1,22,Kauf,1,J,Ja,21,21,Wollishofen,22,11445.0,1135000.0,26270345.0,22.0
2015,D,1,22,Kauf,1,J,Ja,23,23,Leimbach,15-19,10238.0,1038000.0,15863000.0,15.0
2015,D,1,22,Kauf,1,J,Ja,24,24,Enge,26,13295.0,1245491.0,40686061.0,26.0
2015,D,1,22,Kauf,1,J,Ja,30,3,Kreis 3,59-65,10882.0,1215000.0,69365269.0,59.0
2015,D,1,22,Kauf,1,J,Ja,31,31,Alt-Wiedikon,45-49,10786.0,1280000.0,54935269.0,45.0
2015,D,1,22,Kauf,1,J,Ja,33,33,Friesenberg,5,9636.0,625000.0,3160000.0,5.0
2015,D,1,22,Kauf,1,J,Ja,34,34,Sihlfeld,9,12000.0,1340000.0,11270000.0,9.0
2015,D,1,22,Kauf,1,J,Ja,40,4,Kreis 4,63,14263.0,1632201.0,114633781.0,63.0
2015,D,1,22,Kauf,1,J,Ja,42,42,Langstrasse,58,14569.0,1720407.0,113248310.0,58.0
2015,D,1,22,Kauf,1,J,Ja,44,44,Hard,5,5896.0,175000.0,1385471.0,5.0
2015,D,1,22,Kauf,1,J,Ja,50,5,Kreis 5,181,11429.0,1195000.0,231996803.0,181.0
2015,D,1,22,Kauf,1,J,Ja,52,52,Escher Wyss,178-180,11462.0,1197500.0,231056803.0,178.0
2015,D,1,22,Kauf,1,J,Ja,60,6,Kreis 6,94,9462.0,1172500.0,119981100.0,94.0
2015,D,1,22,Kauf,1,J,Ja,61,61,Unterstrass,75,8923.0,1155000.0,91290000.0,75.0
2015,D,1,22,Kauf,1,J,Ja,63,63,Oberstrass,19,14615.0,1650000.0,28691100.0,19.0
2015,D,1,22,Kauf,1,J,Ja,70,7,Kreis 7,84,13390.0,1752500.0,155336864.0,84.0
2015,D,1,22,Kauf,1,J,Ja,71,71,Fluntern,40,14694.0,2042500.0,91921000.0,40.0
2015,D,1,22,Kauf,1,J,Ja,72,72,Hottingen,10,10497.0,1300000.0,14180000.0,10.0
2015,D,1,22,Kauf,1,J,Ja,73,73,Hirslanden,6,14356.0,1532500.0,9395000.0,6.0
2015,D,1,22,Kauf,1,J,Ja,74,74,Witikon,28,12185.0,1353250.0,39840864.0,28.0
2015,D,1,22,Kauf,1,J,Ja,80,8,Kreis 8,35,13333.0,1638000.0,56530000.0,35.0
2015,D,1,22,Kauf,1,J,Ja,81,81,Seefeld,4,18800.0,1988066.0,7520000.0,4.0
2015,D,1,22,Kauf,1,J,Ja,82,82,Mühlebach,22,13417.0,1151430.0,35250000.0,22.0
2015,D,1,22,Kauf,1,J,Ja,83,83,Weinegg,9,12654.0,1650000.0,13760000.0,9.0
2015,D,1,22,Kauf,1,J,Ja,90,9,Kreis 9,49,9405.0,880000.0,48355326.0,49.0
2015,D,1,22,Kauf,1,J,Ja,91,91,Albisrieden,27,8303.0,750000.0,22605326.0,27.0
2015,D,1,22,Kauf,1,J,Ja,92,92,Altstetten,22,10219.0,1075000.0,25750000.0,22.0
2015,D,1,22,Kauf,1,J,Ja,100,10,Kreis 10,59,9300.0,870000.0,58152100.0,59.0
2015,D,1,22,Kauf,1,J,Ja,101,101,Höngg,34,10665.0,1000000.0,38420000.0,34.0
2015,D,1,22,Kauf,1,J,Ja,102,102,Wipkingen,25,8167.0,465000.0,19732100.0,25.0
2015,D,1,22,Kauf,1,J,Ja,110,11,Kreis 11,132,8441.0,914772.0,135425012.0,132.0
2015,D,1,22,Kauf,1,J,Ja,111,111,Affoltern,26-30,7241.0,730500.0,18351300.0,26.0
2015,D,1,22,Kauf,1,J,Ja,115,115,Oerlikon,36,11250.0,1555000.0,48975000.0,36.0
2015,D,1,22,Kauf,1,J,Ja,119,119,Seebach,70,8392.0,950000.0,68098712.0,70.0
2015,D,1,22,Kauf,1,J,Ja,120,12,Kreis 12,27,9182.0,800000.0,23100000.0,27.0
2015,D,1,22,Kauf,1,J,Ja,122,122,Schwamendingen-Mitte,24–26,8689.0,780000.0,19410000.0,24.0
2016,D,1,22,Kauf,1,J,Ja,0,0,Zurich (Total),672,10947.0,1150000.0,888375698.0,672.0
2016,D,1,22,Kauf,1,J,Ja,10,1,Kreis 1,4,19007.0,600500.0,4471000.0,4.0
2016,D,1,22,Kauf,1,J,Ja,20,2,Kreis 2,71,13261.0,1400000.0,108476561.0,71.0
2016,D,1,22,Kauf,1,J,Ja,21,21,Wollishofen,22,12700.0,1690000.0,36615000.0,22.0
2016,D,1,22,Kauf,1,J,Ja,23,23,Leimbach,9,8671.0,750000.0,6876000.0,9.0
2016,D,1,22,Kauf,1,J,Ja,24,24,Enge,40,14631.0,1495000.0,64985561.0,40.0
2016,D,1,22,Kauf,1,J,Ja,30,3,Kreis 3,32,12365.0,1035000.0,34959282.0,32.0
2016,D,1,22,Kauf,1,J,Ja,31,31,Alt-Wiedikon,23,12551.0,1150000.0,27176282.0,23.0
2016,D,1,22,Kauf,1,J,Ja,34,34,Sihlfeld,6-10,11893.0,980000.0,6458000.0,6.0
2016,D,1,22,Kauf,1,J,Ja,40,4,Kreis 4,20,6207.0,328035.0,12527000.0,20.0
2016,D,1,22,Kauf,1,J,Ja,42,42,Langstrasse,13,5970.0,332370.0,9730000.0,13.0
2016,D,1,22,Kauf,1,J,Ja,44,44,Hard,4–6,7069.0,205000.0,1847000.0,4.0
2016,D,1,22,Kauf,1,J,Ja,50,5,Kreis 5,66,13102.0,1262000.0,96391000.0,66.0
2016,D,1,22,Kauf,1,J,Ja,51,51,Gewerbeschule,9,9059.0,845000.0,7625000.0,9.0
2016,D,1,22,Kauf,1,J,Ja,52,52,Escher Wyss,57,13627.0,1390000.0,88766000.0,57.0
2016,D,1,22,Kauf,1,J,Ja,60,6,Kreis 6,134,10000.0,1264000.0,183761000.0,134.0
2016,D,1,22,Kauf,1,J,Ja,61,61,Unterstrass,117,9769.0,1245000.0,153218000.0,117.0
2016,D,1,22,Kauf,1,J,Ja,63,63,Oberstrass,17,14625.0,1820000.0,30543000.0,17.0
2016,D,1,22,Kauf,1,J,Ja,70,7,Kreis 7,85-97,14338.0,1680000.0,158660285.0,85.0
2016,D,1,22,Kauf,1,J,Ja,71,71,Fluntern,30-34,15425.0,1766000.0,59687000.0,30.0
2016,D,1,22,Kauf,1,J,Ja,72,72,Hottingen,16,20084.0,2425000.0,37726111.0,16.0
2016,D,1,22,Kauf,1,J,Ja,73,73,Hirslanden,10,13905.0,1790000.0,16475000.0,10.0
2016,D,1,22,Kauf,1,J,Ja,74,74,Witikon,29,13018.0,1445000.0,44772174.0,29.0
2016,D,1,22,Kauf,1,J,Ja,80,8,Kreis 8,30-36,17548.0,1675000.0,62910000.0,30.0
2016,D,1,22,Kauf,1,J,Ja,82,82,Mühlebach,25,17548.0,1650000.0,53655000.0,25.0
2016,D,1,22,Kauf,1,J,Ja,83,83,Weinegg,3-9,15342.0,1795000.0,5845000.0,3.0
2016,D,1,22,Kauf,1,J,Ja,90,9,Kreis 9,40-44,10266.0,900000.0,36071000.0,40.0
2016,D,1,22,Kauf,1,J,Ja,91,91,Albisrieden,13,8471.0,738000.0,9775000.0,13.0
2016,D,1,22,Kauf,1,J,Ja,92,92,Altstetten,27,10784.0,975000.0,26296000.0,27.0
2016,D,1,22,Kauf,1,J,Ja,100,10,Kreis 10,69,10703.0,925000.0,70582400.0,69.0
2016,D,1,22,Kauf,1,J,Ja,101,101,Höngg,17-26,10383.0,1400000.0,31835000.0,17.0
2016,D,1,22,Kauf,1,J,Ja,102,102,Wipkingen,43,10844.0,875000.0,38747400.0,43.0
2016,D,1,22,Kauf,1,J,Ja,110,11,Kreis 11,104,8576.0,965000.0,106384170.0,104.0
2016,D,1,22,Kauf,1,J,Ja,111,111,Affoltern,44,8022.0,940000.0,41014500.0,44.0
2016,D,1,22,Kauf,1,J,Ja,115,115,Oerlikon,20,10257.0,1050000.0,22512000.0,20.0
2016,D,1,22,Kauf,1,J,Ja,119,119,Seebach,40,9791.0,955000.0,42857670.0,40.0
2016,D,1,22,Kauf,1,J,Ja,120,12,Kreis 12,17,7946.0,1033000.0,13182000.0,17.0
2016,D,1,22,Kauf,1,J,Ja,122,122,Schwamendingen-Mitte,5–7,5132.0,390000.0,2775000.0,5.0
2016,D,1,22,Kauf,1,J,Ja,123,123,Hirzenbach,9,9000.0,1121000.0,9537000.0,9.0
2017,D,1,22,Kauf,1,J,Ja,0,0,Zurich (Total),546,12195.0,1287500.0,820960236.0,546.0
2017,D,1,22,Kauf,1,J,Ja,10,1,Kreis 1,6,14176.0,1330769.0,8410000.0,6.0
2017,D,1,22,Kauf,1,J,Ja,11,11,Rathaus,3–5,14176.0,1580000.0,7480000.0,3.0
2017,D,1,22,Kauf,1,J,Ja,20,2,Kreis 2,41,14598.0,1805000.0,76412341.0,41.0
2017,D,1,22,Kauf,1,J,Ja,21,21,Wollishofen,13,12789.0,1215000.0,21775000.0,13.0
2017,D,1,22,Kauf,1,J,Ja,23,23,Leimbach,4,8612.0,895000.0,3810000.0,4.0
2017,D,1,22,Kauf,1,J,Ja,24,24,Enge,24,15676.0,2021651.0,50827341.0,24.0
2017,D,1,22,Kauf,1,J,Ja,30,3,Kreis 3,49,12588.0,1170000.0,65412000.0,49.0
2017,D,1,22,Kauf,1,J,Ja,31,31,Alt-Wiedikon,8,11902.0,1220000.0,11215000.0,8.0
2017,D,1,22,Kauf,1,J,Ja,34,34,Sihlfeld,41,12603.0,1170000.0,54197000.0,41.0
2017,D,1,22,Kauf,1,J,Ja,40,4,Kreis 4,11,10957.0,325000.0,5487500.0,11.0
2017,D,1,22,Kauf,1,J,Ja,44,44,Hard,8–10,10084.0,307500.0,3967500.0,8.0
2017,D,1,22,Kauf,1,J,Ja,50,5,Kreis 5,86,10960.0,1271600.0,117914166.0,86.0
2017,D,1,22,Kauf,1,J,Ja,52,52,Escher Wyss,83–85,10909.0,1271600.0,114649166.0,83.0
2017,D,1,22,Kauf,1,J,Ja,60,6,Kreis 6,53,12843.0,1480000.0,84346433.0,53.0
2017,D,1,22,Kauf,1,J,Ja,61,61,Unterstrass,45,12571.0,1470000.0,67034333.0,45.0
2017,D,1,22,Kauf,1,J,Ja,63,63,Oberstrass,8,16734.0,2350050.0,17312100.0,8.0
2017,D,1,22,Kauf,1,J,Ja,70,7,Kreis 7,70,14013.0,1565000.0,130868795.0,70.0
2017,D,1,22,Kauf,1,J,Ja,71,71,Fluntern,25-29,16077.0,1580000.0,56994000.0,25.0
2017,D,1,22,Kauf,1,J,Ja,72,72,Hottingen,13,14356.0,1890000.0,29133795.0,13.0
2017,D,1,22,Kauf,1,J,Ja,73,73,Hirslanden,6,16396.0,1950000.0,11610000.0,6.0
2017,D,1,22,Kauf,1,J,Ja,74,74,Witikon,22,11124.0,1409000.0,33131000.0,22.0
2017,D,1,22,Kauf,1,J,Ja,80,8,Kreis 8,34-40,17098.0,2483922.0,106950380.0,34.0
2017,D,1,22,Kauf,1,J,Ja,81,81,Seefeld,5,16590.0,1907880.0,10352880.0,5.0
2017,D,1,22,Kauf,1,J,Ja,82,82,Mühlebach,9,16786.0,3100000.0,38530000.0,9.0
2017,D,1,22,Kauf,1,J,Ja,83,83,Weinegg,20,18076.0,2502500.0,58067500.0,20.0
2017,D,1,22,Kauf,1,J,Ja,90,9,Kreis 9,28-34,9351.0,783500.0,24255110.0,28.0
2017,D,1,22,Kauf,1,J,Ja,91,91,Albisrieden,12,9285.0,750000.0,9303110.0,12.0
2017,D,1,22,Kauf,1,J,Ja,92,92,Altstetten,16,9588.0,930000.0,14952000.0,16.0
2017,D,1,22,Kauf,1,J,Ja,100,10,Kreis 10,50-56,10541.0,927500.0,59753560.0,50.0
2017,D,1,22,Kauf,1,J,Ja,101,101,Höngg,31,10556.0,950000.0,37472500.0,31.0
2017,D,1,22,Kauf,1,J,Ja,102,102,Wipkingen,19,10526.0,920000.0,22281060.0,19.0
2017,D,1,22,Kauf,1,J,Ja,110,11,Kreis 11,110,11173.0,1064000.0,136170951.0,110.0
2017,D,1,22,Kauf,1,J,Ja,111,111,Affoltern,27,10532.0,900000.0,27049000.0,27.0
2017,D,1,22,Kauf,1,J,Ja,115,115,Oerlikon,44-48,12608.0,1597500.0,72761112.0,44.0
2017,D,1,22,Kauf,1,J,Ja,119,119,Seebach,35,9200.0,900000.0,36360839.0,35.0
2017,D,1,22,Kauf,1,J,Ja,120,12,Kreis 12,8-16,9004.0,592500.0,4979000.0,8.0
2017,D,1,22,Kauf,1,J,Ja,122,122,Schwamendingen-Mitte,4,9615.0,677000.0,2824000.0,4.0
2018,D,1,22,Kauf,1,J,Ja,0,0,Zurich (Total),584,11696.0,1172000.0,766011287.0,584.0
2018,D,1,22,Kauf,1,J,Ja,10,1,Kreis 1,4-12,22031.0,1562500.0,5985000.0,4.0
2018,D,1,22,Kauf,1,J,Ja,20,2,Kreis 2,113,9966.0,1060123.0,140603671.0,113.0
2018,D,1,22,Kauf,1,J,Ja,21,21,Wollishofen,89,9704.0,996000.0,99531171.0,89.0
2018,D,1,22,Kauf,1,J,Ja,23,23,Leimbach,7,9402.0,1100000.0,6800000.0,7.0
2018,D,1,22,Kauf,1,J,Ja,24,24,Enge,17,17454.0,2045000.0,34272500.0,17.0
2018,D,1,22,Kauf,1,J,Ja,30,3,Kreis 3,67,12099.0,1250000.0,78049750.0,67.0
2018,D,1,22,Kauf,1,J,Ja,31,31,Alt-Wiedikon,51,12216.0,1250000.0,60776990.0,51.0
2018,D,1,22,Kauf,1,J,Ja,33,33,Friesenberg,3-9,12048.0,695431.0,1870000.0,3.0
2018,D,1,22,Kauf,1,J,Ja,34,34,Sihlfeld,13–15,13563.0,1420000.0,15402760.0,13.0
2018,D,1,22,Kauf,1,J,Ja,40,4,Kreis 4,6,11395.0,1607000.0,8439000.0,6.0
2018,D,1,22,Kauf,1,J,Ja,42,42,Langstrasse,3–5,11565.0,1650000.0,8019000.0,3.0
2018,D,1,22,Kauf,1,J,Ja,50,5,Kreis 5,20,15161.0,1482500.0,34402000.0,20.0
2018,D,1,22,Kauf,1,J,Ja,52,52,Escher Wyss,17–19,15566.0,1492500.0,33482000.0,17.0
2018,D,1,22,Kauf,1,J,Ja,60,6,Kreis 6,49,13207.0,1589000.0,79987500.0,49.0
2018,D,1,22,Kauf,1,J,Ja,61,61,Unterstrass,18,13831.0,1617500.0,30502000.0,18.0
2018,D,1,22,Kauf,1,J,Ja,63,63,Oberstrass,31,13118.0,1589000.0,49485500.0,31.0
2018,D,1,22,Kauf,1,J,Ja,70,7,Kreis 7,84,12204.0,1377500.0,135565505.0,84.0
2018,D,1,22,Kauf,1,J,Ja,71,71,Fluntern,14,16166.0,2250000.0,34083033.0,14.0
2018,D,1,22,Kauf,1,J,Ja,72,72,Hottingen,15,15594.0,1807143.0,31644339.0,15.0
2018,D,1,22,Kauf,1,J,Ja,73,73,Hirslanden,4,11602.0,796667.0,4118333.0,4.0
2018,D,1,22,Kauf,1,J,Ja,74,74,Witikon,51,11325.0,1260000.0,65719800.0,51.0
2018,D,1,22,Kauf,1,J,Ja,80,8,Kreis 8,22,15642.0,1675000.0,42954298.0,22.0
2018,D,1,22,Kauf,1,J,Ja,82,82,Mühlebach,6–8,16106.0,2225000.0,12065000.0,6.0
2018,D,1,22,Kauf,1,J,Ja,83,83,Weinegg,13,12687.0,1540000.0,24025000.0,13.0
2018,D,1,22,Kauf,1,J,Ja,90,9,Kreis 9,85,12073.0,1050000.0,95253568.0,85.0
2018,D,1,22,Kauf,1,J,Ja,91,91,Albisrieden,51,12027.0,1015000.0,57682818.0,51.0
2018,D,1,22,Kauf,1,J,Ja,92,92,Altstetten,34,12152.0,1060000.0,37570750.0,34.0
2018,D,1,22,Kauf,1,J,Ja,100,10,Kreis 10,40,11410.0,1100000.0,50404568.0,40.0
2018,D,1,22,Kauf,1,J,Ja,101,101,Höngg,27,10089.0,980490.0,34141790.0,27.0
2018,D,1,22,Kauf,1,J,Ja,102,102,Wipkingen,13,12361.0,1125000.0,16262778.0,13.0
2018,D,1,22,Kauf,1,J,Ja,110,11,Kreis 11,74,9444.0,877500.0,71115427.0,74.0
2018,D,1,22,Kauf,1,J,Ja,111,111,Affoltern,27,8533.0,940000.0,24270000.0,27.0
2018,D,1,22,Kauf,1,J,Ja,115,115,Oerlikon,15,11500.0,1050000.0,15665427.0,15.0
2018,D,1,22,Kauf,1,J,Ja,119,119,Seebach,32,9132.0,710000.0,31180000.0,32.0
2018,D,1,22,Kauf,1,J,Ja,120,12,Kreis 12,20,11059.0,1205000.0,23251000.0,20.0
2018,D,1,22,Kauf,1,J,Ja,122,122,Schwamendingen-Mitte,17–19,11066.0,1310000.0,20241000.0,17.0
2019,D,1,22,Kauf,1,J,Ja,0,0,Zurich (Total),448,12622.0,1282500.0,633574414.0,448.0
2019,D,1,22,Kauf,1,J,Ja,10,1,Kreis 1,5,12857.0,379000.0,3969000.0,5.0
2019,D,1,22,Kauf,1,J,Ja,11,11,Rathaus,5,12857.0,379000.0,3969000.0,5.0
2019,D,1,22,Kauf,1,J,Ja,20,2,Kreis 2,31,14851.0,1500000.0,50221500.0,31.0
2019,D,1,22,Kauf,1,J,Ja,21,21,Wollishofen,14,13392.0,1400000.0,20789000.0,14.0
2019,D,1,22,Kauf,1,J,Ja,23,23,Leimbach,7,6517.0,665000.0,5565000.0,7.0
2019,D,1,22,Kauf,1,J,Ja,24,24,Enge,10,16672.0,2145000.0,23867500.0,10.0
2019,D,1,22,Kauf,1,J,Ja,30,3,Kreis 3,17,10338.0,850000.0,16928861.0,17.0
2019,D,1,22,Kauf,1,J,Ja,31,31,Alt-Wiedikon,11–15,12391.0,850000.0,11196000.0,11.0
2019,D,1,22,Kauf,1,J,Ja,40,4,Kreis 4,6,15160.0,1465000.0,9425060.0,6.0
2019,D,1,22,Kauf,1,J,Ja,50,5,Kreis 5,42-46,17623.0,1865000.0,89542800.0,42.0
2019,D,1,22,Kauf,1,J,Ja,51,51,Gewerbeschule,14,18021.0,1807500.0,26005000.0,14.0
2019,D,1,22,Kauf,1,J,Ja,52,52,Escher Wyss,28-32,17470.0,1865000.0,63537800.0,28.0
2019,D,1,22,Kauf,1,J,Ja,60,6,Kreis 6,38,13845.0,1292500.0,54828200.0,38.0
2019,D,1,22,Kauf,1,J,Ja,61,61,Unterstrass,18-24,12356.0,981550.0,29190200.0,18.0
2019,D,1,22,Kauf,1,J,Ja,63,63,Oberstrass,14,15843.0,1705000.0,25638000.0,14.0
2019,D,1,22,Kauf,1,J,Ja,70,7,Kreis 7,100,15245.0,1550500.0,171497674.0,100.0
2019,D,1,22,Kauf,1,J,Ja,71,71,Fluntern,26,18183.0,1850000.0,52249000.0,26.0
2019,D,1,22,Kauf,1,J,Ja,72,72,Hottingen,11,14580.0,1500000.0,21259554.0,11.0
2019,D,1,22,Kauf,1,J,Ja,73,73,Hirslanden,25,17073.0,1575000.0,44403000.0,25.0
2019,D,1,22,Kauf,1,J,Ja,74,74,Witikon,38,12700.0,1430000.0,53586120.0,38.0
2019,D,1,22,Kauf,1,J,Ja,80,8,Kreis 8,15,14427.0,1595000.0,27305000.0,15.0
2019,D,1,22,Kauf,1,J,Ja,82,82,Mühlebach,6,17019.0,1895000.0,13920000.0,6.0
2019,D,1,22,Kauf,1,J,Ja,83,83,Weinegg,9,12602.0,1505000.0,13385000.0,9.0
2019,D,1,22,Kauf,1,J,Ja,90,9,Kreis 9,46,11200.0,1095000.0,52364000.0,46.0
2019,D,1,22,Kauf,1,J,Ja,91,91,Albisrieden,21,9740.0,882000.0,19558000.0,21.0
2019,D,1,22,Kauf,1,J,Ja,92,92,Altstetten,25,12339.0,1250000.0,32806000.0,25.0
2019,D,1,22,Kauf,1,J,Ja,100,10,Kreis 10,42-46,12141.0,1350000.0,63250000.0,42.0
2019,D,1,22,Kauf,1,J,Ja,101,101,Höngg,39,12376.0,1350000.0,52935000.0,39.0
2019,D,1,22,Kauf,1,J,Ja,102,102,Wipkingen,7,11905.0,1120000.0,10315000.0,7.0
2019,D,1,22,Kauf,1,J,Ja,110,11,Kreis 11,72,9545.0,914567.0,68639068.0,72.0
2019,D,1,22,Kauf,1,J,Ja,111,111,Affoltern,38-42,9542.0,914567.0,35845000.0,38.0
2019,D,1,22,Kauf,1,J,Ja,115,115,Oerlikon,14,13788.0,984242.0,13480000.0,14.0
2019,D,1,22,Kauf,1,J,Ja,119,119,Seebach,20,9174.0,875519.0,19314068.0,20.0
2019,D,1,22,Kauf,1,J,Ja,120,12,Kreis 12,30,11029.0,790000.0,25603251.0,30.0
2019,D,1,22,Kauf,1,J,Ja,122,122,Schwamendingen-Mitte,26,10951.0,767500.0,20348251.0,26.0
2020,D,1,22,Kauf,1,J,Ja,0,0,Zurich (Total),553,13100.0,1245000.0,811644128.0,553.0
2020,D,1,22,Kauf,1,J,Ja,10,1,Kreis 1,10,15626.0,1185442.0,13965159.0,10.0
2020,D,1,22,Kauf,1,J,Ja,13,13,Lindenhof,7–9,12675.0,1170884.0,9765159.0,7.0
2020,D,1,22,Kauf,1,J,Ja,20,2,Kreis 2,111,12640.0,1285000.0,162802589.0,111.0
2020,D,1,22,Kauf,1,J,Ja,21,21,Wollishofen,95,12704.0,1320000.0,138832589.0,95.0
2020,D,1,22,Kauf,1,J,Ja,23,23,Leimbach,9,8584.0,850000.0,7780000.0,9.0
2020,D,1,22,Kauf,1,J,Ja,24,24,Enge,7,18000.0,2400000.0,16190000.0,7.0
2020,D,1,22,Kauf,1,J,Ja,30,3,Kreis 3,50,11207.0,832072.0,53253203.0,50.0
2020,D,1,22,Kauf,1,J,Ja,31,31,Alt-Wiedikon,27,12275.0,749000.0,31354803.0,27.0
2020,D,1,22,Kauf,1,J,Ja,34,34,Sihlfeld,23,11207.0,862437.0,21898400.0,23.0
2020,D,1,22,Kauf,1,J,Ja,40,4,Kreis 4,4,10490.0,600000.0,2740000.0,4.0
2020,D,1,22,Kauf,1,J,Ja,50,5,Kreis 5,27,17381.0,1700000.0,57782000.0,27.0
2020,D,1,22,Kauf,1,J,Ja,51,51,Gewerbeschule,7,19467.0,1284800.0,9760000.0,7.0
2020,D,1,22,Kauf,1,J,Ja,52,52,Escher Wyss,20,17154.0,1850000.0,48022000.0,20.0
2020,D,1,22,Kauf,1,J,Ja,60,6,Kreis 6,40,13852.0,1175000.0,58773205.0,40.0
2020,D,1,22,Kauf,1,J,Ja,61,61,Unterstrass,25,12742.0,995000.0,26514833.0,25.0
2020,D,1,22,Kauf,1,J,Ja,63,63,Oberstrass,15,15723.0,1980000.0,32258372.0,15.0
2020,D,1,22,Kauf,1,J,Ja,70,7,Kreis 7,114,14366.0,1625000.0,233446783.0,114.0
2020,D,1,22,Kauf,1,J,Ja,71,71,Fluntern,22,18087.0,2387500.0,57097500.0,22.0
2020,D,1,22,Kauf,1,J,Ja,72,72,Hottingen,21,17167.0,2550000.0,59737000.0,21.0
2020,D,1,22,Kauf,1,J,Ja,73,73,Hirslanden,16,17173.0,1970000.0,35365000.0,16.0
2020,D,1,22,Kauf,1,J,Ja,74,74,Witikon,55-59,11977.0,1465000.0,81247283.0,55.0
2020,D,1,22,Kauf,1,J,Ja,80,8,Kreis 8,23,18308.0,2025000.0,45472688.0,23.0
2020,D,1,22,Kauf,1,J,Ja,82,82,Mühlebach,3-9,9751.0,990000.0,2950000.0,3.0
2020,D,1,22,Kauf,1,J,Ja,83,83,Weinegg,19,18472.0,2220000.0,39652688.0,19.0
2020,D,1,22,Kauf,1,J,Ja,90,9,Kreis 9,66,12396.0,717500.0,54184791.0,66.0
2020,D,1,22,Kauf,1,J,Ja,91,91,Albisrieden,22,10003.0,887500.0,19501967.0,22.0
2020,D,1,22,Kauf,1,J,Ja,92,92,Altstetten,44,12663.0,659559.0,34682825.0,44.0
2020,D,1,22,Kauf,1,J,Ja,100,10,Kreis 10,40-44,13467.0,1536500.0,60040000.0,40.0
2020,D,1,22,Kauf,1,J,Ja,101,101,Höngg,30,13207.0,1502500.0,43510000.0,30.0
2020,D,1,22,Kauf,1,J,Ja,102,102,Wipkingen,10,14542.0,1586500.0,16530000.0,10.0
2020,D,1,22,Kauf,1,J,Ja,110,11,Kreis 11,58,10522.0,970000.0,59740711.0,58.0
2020,D,1,22,Kauf,1,J,Ja,111,111,Affoltern,17,10313.0,929000.0,18307469.0,17.0
2020,D,1,22,Kauf,1,J,Ja,115,115,Oerlikon,19,13611.0,1225000.0,21278242.0,19.0
2020,D,1,22,Kauf,1,J,Ja,119,119,Seebach,22-26,9442.0,885000.0,20155000.0,22.0
2020,D,1,22,Kauf,1,J,Ja,120,12,Kreis 12,10,9646.0,1010000.0,9443000.0,10.0
2020,D,1,22,Kauf,1,J,Ja,122,122,Schwamendingen-Mitte,5,8421.0,950000.0,4329000.0,5.0
2020,D,1,22,Kauf,1,J,Ja,123,123,Hirzenbach,3-9,9670.0,1025000.0,3043000.0,3.0
2021,D,1,22,Kauf,1,J,Ja,0,0,Zurich (Total),820,13143.0,1233500.0,1153872571.0,820.0
2021,D,1,22,Kauf,1,J,Ja,20,2,Kreis 2,46,16354.0,1935000.0,95340798.0,46.0
2021,D,1,22,Kauf,1,J,Ja,21,21,Wollishofen,29,16642.0,1970000.0,60723000.0,29.0
2021,D,1,22,Kauf,1,J,Ja,23,23,Leimbach,5,13100.0,1310000.0,6641000.0,5.0
2021,D,1,22,Kauf,1,J,Ja,24,24,Enge,12,18972.0,2604167.0,27976798.0,12.0
2021,D,1,22,Kauf,1,J,Ja,30,3,Kreis 3,41,14198.0,1200000.0,52524830.0,41.0
2021,D,1,22,Kauf,1,J,Ja,31,31,Alt-Wiedikon,21,14275.0,1540000.0,32526569.0,21.0
2021,D,1,22,Kauf,1,J,Ja,34,34,Sihlfeld,17-19,9339.0,745455.0,19378261.0,17.0
2021,D,1,22,Kauf,1,J,Ja,40,4,Kreis 4,45,12161.0,424565.0,30079802.0,45.0
2021,D,1,22,Kauf,1,J,Ja,42,42,Langstrasse,4–6,18336.0,1577500.0,8625000.0,4.0
2021,D,1,22,Kauf,1,J,Ja,44,44,Hard,31-38,11884.0,311788.0,19254802.0,31.0
2021,D,1,22,Kauf,1,J,Ja,50,5,Kreis 5,29,17892.0,2050000.0,67394345.0,29.0
2021,D,1,22,Kauf,1,J,Ja,51,51,Gewerbeschule,4,10479.0,1082213.0,4670345.0,4.0
2021,D,1,22,Kauf,1,J,Ja,52,52,Escher Wyss,25,17981.0,2210000.0,62724000.0,25.0
2021,D,1,22,Kauf,1,J,Ja,60,6,Kreis 6,53,16125.0,1174500.0,67803032.0,53.0
2021,D,1,22,Kauf,1,J,Ja,61,61,Unterstrass,32,16226.0,1270000.0,43100032.0,32.0
2021,D,1,22,Kauf,1,J,Ja,63,63,Oberstrass,21,14231.0,724200.0,24703000.0,21.0
2021,D,1,22,Kauf,1,J,Ja,70,7,Kreis 7,95,17434.0,1970000.0,208147462.0,95.0
2021,D,1,22,Kauf,1,J,Ja,71,71,Fluntern,30-34,18675.0,2020000.0,73229162.0,30.0
2021,D,1,22,Kauf,1,J,Ja,72,72,Hottingen,27–29,18813.0,2900000.0,82628300.0,27.0
2021,D,1,22,Kauf,1,J,Ja,74,74,Witikon,31-35,14208.0,1400000.0,43850000.0,31.0
2021,D,1,22,Kauf,1,J,Ja,80,8,Kreis 8,18,20588.0,2205000.0,40020000.0,18.0
2021,D,1,22,Kauf,1,J,Ja,81,81,Seefeld,4,23640.0,1775000.0,9400000.0,4.0
2021,D,1,22,Kauf,1,J,Ja,82,82,Mühlebach,9,18966.0,2130000.0,16475000.0,9.0
2021,D,1,22,Kauf,1,J,Ja,83,83,Weinegg,5,21053.0,2750000.0,14145000.0,5.0
2021,D,1,22,Kauf,1,J,Ja,90,9,Kreis 9,59,13585.0,1375000.0,79012313.0,59.0
2021,D,1,22,Kauf,1,J,Ja,91,91,Albisrieden,31,14190.0,1400000.0,46272313.0,31.0
2021,D,1,22,Kauf,1,J,Ja,92,92,Altstetten,28,11795.0,1312687.0,32740000.0,28.0
2021,D,1,22,Kauf,1,J,Ja,100,10,Kreis 10,80,13800.0,1315000.0,105348676.0,80.0
2021,D,1,22,Kauf,1,J,Ja,101,101,Höngg,62,13452.0,1450000.0,84357676.0,62.0
2021,D,1,22,Kauf,1,J,Ja,102,102,Wipkingen,18,15820.0,1125000.0,20991000.0,18.0
2021,D,1,22,Kauf,1,J,Ja,110,11,Kreis 11,341,11750.0,1153500.0,394450813.0,341.0
2021,D,1,22,Kauf,1,J,Ja,111,111,Affoltern,32,11082.0,985000.0,33854000.0,32.0
2021,D,1,22,Kauf,1,J,Ja,115,115,Oerlikon,17,12835.0,990000.0,18854000.0,17.0
2021,D,1,22,Kauf,1,J,Ja,119,119,Seebach,292,11724.0,1169250.0,341742813.0,292.0
2021,D,1,22,Kauf,1,J,Ja,120,12,Kreis 12,11-19,10833.0,1155000.0,12770500.0,11.0
2021,D,1,22,Kauf,1,J,Ja,121,121,Saatlen,4-12,9849.0,1022500.0,4105000.0,4.0
2021,D,1,22,Kauf,1,J,Ja,122,122,Schwamendingen-Mitte,6,11344.0,1152500.0,6965500.0,6.0
2022,D,1,22,Kauf,1,J,Ja,0,0,Zurich (Total),654,14610.0,1419077.0,1069669116.0,654.0
2022,D,1,22,Kauf,1,J,Ja,10,1,Kreis 1,7,18966.0,982000.0,7912000.0,7.0
2022,D,1,22,Kauf,1,J,Ja,20,2,Kreis 2,161-165,11915.0,1235500.0,216007679.0,161.0
2022,D,1,22,Kauf,1,J,Ja,21,21,Wollishofen,141,11882.0,1215000.0,174383679.0,141.0
2022,D,1,22,Kauf,1,J,Ja,23,23,Leimbach,6,9443.0,987583.0,6404000.0,6.0
2022,D,1,22,Kauf,1,J,Ja,24,24,Enge,14,19551.0,2350000.0,35220000.0,14.0
2022,D,1,22,Kauf,1,J,Ja,30,3,Kreis 3,25,16371.0,2085000.0,47525226.0,25.0
2022,D,1,22,Kauf,1,J,Ja,31,31,Alt-Wiedikon,20,16744.0,1965000.0,36149202.0,20.0
2022,D,1,22,Kauf,1,J,Ja,34,34,Sihlfeld,3-9,20508.0,2420000.0,5580000.0,3.0
2022,D,1,22,Kauf,1,J,Ja,40,4,Kreis 4,9,17368.0,1350000.0,14104000.0,9.0
2022,D,1,22,Kauf,1,J,Ja,42,42,Langstrasse,6–8,17965.0,1675000.0,10604000.0,6.0
2022,D,1,22,Kauf,1,J,Ja,50,5,Kreis 5,29,19412.0,1900000.0,59083176.0,29.0
2022,D,1,22,Kauf,1,J,Ja,51,51,Gewerbeschule,4,11325.0,707474.0,3005258.0,4.0
2022,D,1,22,Kauf,1,J,Ja,52,52,Escher Wyss,25,19907.0,1950000.0,56077918.0,25.0
2022,D,1,22,Kauf,1,J,Ja,60,6,Kreis 6,32,17213.0,1610000.0,62208912.0,32.0
2022,D,1,22,Kauf,1,J,Ja,61,61,Unterstrass,15,15500.0,1340000.0,21113912.0,15.0
2022,D,1,22,Kauf,1,J,Ja,63,63,Oberstrass,17,20000.0,2540000.0,41095000.0,17.0
2022,D,1,22,Kauf,1,J,Ja,70,7,Kreis 7,135,17188.0,1926175.0,281506205.0,135.0
2022,D,1,22,Kauf,1,J,Ja,71,71,Fluntern,45,19365.0,2320000.0,112179812.0,45.0
2022,D,1,22,Kauf,1,J,Ja,72,72,Hottingen,17,19559.0,2500000.0,46510199.0,17.0
2022,D,1,22,Kauf,1,J,Ja,73,73,Hirslanden,17,16618.0,1523521.0,30538294.0,17.0
2022,D,1,22,Kauf,1,J,Ja,74,74,Witikon,56,15173.0,1585900.0,92277900.0,56.0
2022,D,1,22,Kauf,1,J,Ja,80,8,Kreis 8,14-26,19660.0,2045000.0,31514000.0,14.0
2022,D,1,22,Kauf,1,J,Ja,82,82,Mühlebach,4–6,19664.0,2342500.0,13820000.0,4.0
2022,D,1,22,Kauf,1,J,Ja,83,83,Weinegg,7,19167.0,1790000.0,15294000.0,7.0
2022,D,1,22,Kauf,1,J,Ja,90,9,Kreis 9,52,15174.0,1374525.0,72698089.0,52.0
2022,D,1,22,Kauf,1,J,Ja,91,91,Albisrieden,23,15140.0,1450000.0,34832935.0,23.0
2022,D,1,22,Kauf,1,J,Ja,92,92,Altstetten,29,15208.0,1302500.0,37865154.0,29.0
2022,D,1,22,Kauf,1,J,Ja,100,10,Kreis 10,93,14919.0,1630000.0,153695646.0,93.0
2022,D,1,22,Kauf,1,J,Ja,101,101,Höngg,79,15172.0,1640000.0,133027478.0,79.0
2022,D,1,22,Kauf,1,J,Ja,102,102,Wipkingen,14,13260.0,1434238.0,20668169.0,14.0
2022,D,1,22,Kauf,1,J,Ja,110,11,Kreis 11,86,12691.0,1306500.0,110855493.0,86.0
2022,D,1,22,Kauf,1,J,Ja,111,111,Affoltern,24,10886.0,1306500.0,32487000.0,24.0
2022,D,1,22,Kauf,1,J,Ja,115,115,Oerlikon,24,14928.0,1269500.0,27392882.0,24.0
2022,D,1,22,Kauf,1,J,Ja,119,119,Seebach,38,13234.0,1340556.0,50975611.0,38.0
2022,D,1,22,Kauf,1,J,Ja,120,12,Kreis 12,11-19,11906.0,970000.0,12558689.0,11.0
2022,D,1,22,Kauf,1,J,Ja,121,121,Saatlen,3–5,13235.0,1101845.0,5173689.0,3.0
2022,D,1,22,Kauf,1,J,Ja,122,122,Schwamendingen-Mitte,5,12946.0,725000.0,5473000.0,5.0
2023,D,1,22,Kauf,1,J,Ja,0,0,Zurich (Total),633,15603.0,1455000.0,1023033205.0,633.0
2023,D,1,22,Kauf,1,J,Ja,20,2,Kreis 2,37,18053.0,1750000.0,66430300.0,37.0
2023,D,1,22,Kauf,1,J,Ja,21,21,Wollishofen,24,18044.0,1730000.0,42392523.0,24.0
2023,D,1,22,Kauf,1,J,Ja,23,23,Leimbach,3-9,13200.0,1650000.0,4610000.0,3.0
2023,D,1,22,Kauf,1,J,Ja,24,24,Enge,10–12,20133.0,2040000.0,19427777.0,10.0
2023,D,1,22,Kauf,1,J,Ja,30,3,Kreis 3,43,16875.0,1325000.0,66574578.0,43.0
2023,D,1,22,Kauf,1,J,Ja,31,31,Alt-Wiedikon,31,17742.0,1389000.0,51017900.0,31.0
2023,D,1,22,Kauf,1,J,Ja,33,33,Friesenberg,3-9,10395.0,751678.0,2136678.0,3.0
2023,D,1,22,Kauf,1,J,Ja,34,34,Sihlfeld,9–11,16875.0,1455000.0,13420000.0,9.0
2023,D,1,22,Kauf,1,J,Ja,40,4,Kreis 4,10–12,12829.0,697500.0,9112000.0,10.0
2023,D,1,22,Kauf,1,J,Ja,42,42,Langstrasse,6,9868.0,855000.0,5985000.0,6.0
2023,D,1,22,Kauf,1,J,Ja,44,44,Hard,3–5,13834.0,464000.0,2137000.0,3.0
2023,D,1,22,Kauf,1,J,Ja,50,5,Kreis 5,21,20000.0,1900000.0,43620677.0,21.0
2023,D,1,22,Kauf,1,J,Ja,52,52,Escher Wyss,18–20,19798.0,1885000.0,40680677.0,18.0
2023,D,1,22,Kauf,1,J,Ja,60,6,Kreis 6,29,18684.0,1780000.0,51011444.0,29.0
2023,D,1,22,Kauf,1,J,Ja,61,61,Unterstrass,18,18222.0,1472797.0,28033444.0,18.0
2023,D,1,22,Kauf,1,J,Ja,63,63,Oberstrass,11,21600.0,2277477.0,22978000.0,11.0
2023,D,1,22,Kauf,1,J,Ja,70,7,Kreis 7,84,18178.0,1870000.0,171270921.0,84.0
2023,D,1,22,Kauf,1,J,Ja,71,71,Fluntern,14,20054.0,2357471.0,31795619.0,14.0
2023,D,1,22,Kauf,1,J,Ja,72,72,Hottingen,22,19268.0,2425000.0,55430000.0,22.0
2023,D,1,22,Kauf,1,J,Ja,73,73,Hirslanden,5,21111.0,1880000.0,10280000.0,5.0
2023,D,1,22,Kauf,1,J,Ja,74,74,Witikon,43,17586.0,1675000.0,73765302.0,43.0
2023,D,1,22,Kauf,1,J,Ja,80,8,Kreis 8,44,21034.0,2188000.0,108830512.0,44.0
2023,D,1,22,Kauf,1,J,Ja,82,82,Mühlebach,25,22917.0,2717069.0,66072500.0,25.0
2023,D,1,22,Kauf,1,J,Ja,83,83,Weinegg,16–18,18538.0,1965000.0,36204000.0,16.0
2023,D,1,22,Kauf,1,J,Ja,90,9,Kreis 9,132,13404.0,1153000.0,170648531.0,132.0
2023,D,1,22,Kauf,1,J,Ja,91,91,Albisrieden,43,13844.0,1250000.0,61361811.0,43.0
2023,D,1,22,Kauf,1,J,Ja,92,92,Altstetten,89,11866.0,1100000.0,109286720.0,89.0
2023,D,1,22,Kauf,1,J,Ja,100,10,Kreis 10,62,17129.0,1797500.0,118054252.0,62.0
2023,D,1,22,Kauf,1,J,Ja,101,101,Höngg,31,16228.0,1730000.0,52030809.0,31.0
2023,D,1,22,Kauf,1,J,Ja,102,102,Wipkingen,31,19261.0,2200000.0,66023443.0,31.0
2023,D,1,22,Kauf,1,J,Ja,110,11,Kreis 11,118,12887.0,1230000.0,154699415.0,118.0
2023,D,1,22,Kauf,1,J,Ja,111,111,Affoltern,39,12125.0,1155000.0,47067275.0,39.0
2023,D,1,22,Kauf,1,J,Ja,115,115,Oerlikon,26,13925.0,902500.0,30982747.0,26.0
2023,D,1,22,Kauf,1,J,Ja,119,119,Seebach,53,13591.0,1345000.0,76649393.0,53.0
2023,D,1,22,Kauf,1,J,Ja,120,12,Kreis 12,50-54,12851.0,1252500.0,61259955.0,50.0
2023,D,1,22,Kauf,1,J,Ja,121,121,Saatlen,3-9,12500.0,1101000.0,2951000.0,3.0
2023,D,1,22,Kauf,1,J,Ja,122,122,Schwamendingen-Mitte,44–48,12960.0,1255000.0,55465000.0,44.0
2024,D,1,22,Kauf,1,J,Ja,0,0,Zurich (Total),672,16667.0,1475000.0,1100600645.0,672.0
2024,D,1,22,Kauf,1,J,Ja,10,1,Kreis 1,5-15,19672.0,1700000.0,9005000.0,5.0
2024,D,1,22,Kauf,1,J,Ja,20,2,Kreis 2,52-58,19744.0,2057500.0,116271491.0,52.0
2024,D,1,22,Kauf,1,J,Ja,21,21,Wollishofen,28-32,19744.0,2127500.0,62509879.0,28.0
2024,D,1,22,Kauf,1,J,Ja,23,23,Leimbach,6,10460.0,1025000.0,6245000.0,6.0
2024,D,1,22,Kauf,1,J,Ja,24,24,Enge,18,22125.0,2120606.0,47516612.0,18.0
2024,D,1,22,Kauf,1,J,Ja,30,3,Kreis 3,23,18416.0,1750000.0,40610429.0,23.0
2024,D,1,22,Kauf,1,J,Ja,31,31,Alt-Wiedikon,17,18200.0,1750000.0,31050429.0,17.0
2024,D,1,22,Kauf,1,J,Ja,34,34,Sihlfeld,3–5,19802.0,1860000.0,7920000.0,3.0
2024,D,1,22,Kauf,1,J,Ja,40,4,Kreis 4,18,21095.0,1792500.0,32625000.0,18.0
2024,D,1,22,Kauf,1,J,Ja,41,41,Werd,9,20762.0,2300000.0,20095000.0,9.0
2024,D,1,22,Kauf,1,J,Ja,42,42,Langstrasse,6–8,21429.0,1450000.0,10210000.0,6.0
2024,D,1,22,Kauf,1,J,Ja,50,5,Kreis 5,31,19307.0,1750000.0,59323000.0,31.0
2024,D,1,22,Kauf,1,J,Ja,51,51,Gewerbeschule,5,14203.0,723014.0,3900000.0,5.0
2024,D,1,22,Kauf,1,J,Ja,52,52,Escher Wyss,26,19796.0,1870000.0,55423000.0,26.0
2024,D,1,22,Kauf,1,J,Ja,60,6,Kreis 6,34,19656.0,2277500.0,69262750.0,34.0
2024,D,1,22,Kauf,1,J,Ja,61,61,Unterstrass,16,17842.0,2245000.0,32866000.0,16.0
2024,D,1,22,Kauf,1,J,Ja,63,63,Oberstrass,18,20335.0,2327500.0,36396750.0,18.0
2024,D,1,22,Kauf,1,J,Ja,70,7,Kreis 7,73,18750.0,1953148.0,153609125.0,73.0
2024,D,1,22,Kauf,1,J,Ja,71,71,Fluntern,10,18868.0,2200000.0,20664000.0,10.0
2024,D,1,22,Kauf,1,J,Ja,72,72,Hottingen,25,21067.0,2431000.0,63982931.0,25.0
2024,D,1,22,Kauf,1,J,Ja,73,73,Hirslanden,6-10,22648.0,2177500.0,22460000.0,6.0
2024,D,1,22,Kauf,1,J,Ja,74,74,Witikon,28,15724.0,1600000.0,46502194.0,28.0
2024,D,1,22,Kauf,1,J,Ja,80,8,Kreis 8,31,21923.0,1900000.0,69714000.0,31.0
2024,D,1,22,Kauf,1,J,Ja,81,81,Seefeld,5,19643.0,1750000.0,9140000.0,5.0
2024,D,1,22,Kauf,1,J,Ja,82,82,Mühlebach,14,22294.0,2011000.0,33039000.0,14.0
2024,D,1,22,Kauf,1,J,Ja,83,83,Weinegg,12,21755.0,2216500.0,27535000.0,12.0
2024,D,1,22,Kauf,1,J,Ja,90,9,Kreis 9,160,16722.0,1354572.0,214513150.0,160.0
2024,D,1,22,Kauf,1,J,Ja,91,91,Albisrieden,118,16761.0,1344786.0,153957681.0,118.0
2024,D,1,22,Kauf,1,J,Ja,92,92,Altstetten,42,15173.0,1402500.0,60555469.0,42.0
2024,D,1,22,Kauf,1,J,Ja,100,10,Kreis 10,80,14286.0,1540000.0,124843973.0,80.0
2024,D,1,22,Kauf,1,J,Ja,101,101,Höngg,60,15134.0,1567644.0,97050657.0,60.0
2024,D,1,22,Kauf,1,J,Ja,102,102,Wipkingen,20,10376.0,1267263.0,27793316.0,20.0
2024,D,1,22,Kauf,1,J,Ja,110,11,Kreis 11,135,13800.0,1160000.0,169206399.0,135.0
2024,D,1,22,Kauf,1,J,Ja,111,111,Affoltern,25-29,12962.0,990000.0,25937342.0,25.0
2024,D,1,22,Kauf,1,J,Ja,115,115,Oerlikon,41,15652.0,1354850.0,53426272.0,41.0
2024,D,1,22,Kauf,1,J,Ja,119,119,Seebach,69,14138.0,1307000.0,89842784.0,69.0
2024,D,1,22,Kauf,1,J,Ja,120,12,Kreis 12,30,13759.0,1252500.0,41616329.0,30.0
2024,D,1,22,Kauf,1,J,Ja,122,122,Schwamendingen-Mitte,27,13902.0,1275000.0,37873348.0,27.0
